{"cameraMode":{"drawMode":0,"name":"Shaded","section":"Shading Mode"},"sceneLighting":true,"audioPlay":false,"sceneViewState":{"m_AlwaysRefresh":false,"showFog":true,"showSkybox":true,"showFlares":true,"showImageEffects":true,"showParticleSystems":true,"showVisualEffectGraphs":true,"m_FxEnabled":true},"in2DMode":false,"pivot":{"x":-82.97776794433594,"y":19.059310913085939,"z":18.768592834472658},"rotation":{"x":0.22817783057689668,"y":0.03941900283098221,"z":-0.009246261790394783,"w":0.9727768898010254},"size":39.270111083984378,"orthographic":true}