{"cameraMode":{"drawMode":0,"name":"Shaded","section":"Shading Mode"},"sceneLighting":true,"audioPlay":false,"sceneViewState":{"m_AlwaysRefresh":false,"showFog":true,"showSkybox":true,"showFlares":true,"showImageEffects":true,"showParticleSystems":true,"showVisualEffectGraphs":true,"m_FxEnabled":true},"in2DMode":false,"pivot":{"x":-1.6275250911712647,"y":-0.11410284042358399,"z":24.949966430664064},"rotation":{"x":0.1545366495847702,"y":-0.1020607128739357,"z":0.016051914542913438,"w":0.9825705885887146},"size":21.55118751525879,"orthographic":false}