{"cameraMode":{"drawMode":0,"name":"Shaded","section":"Shading Mode"},"sceneLighting":true,"audioPlay":false,"sceneViewState":{"m_AlwaysRefresh":false,"showFog":true,"showSkybox":true,"showFlares":true,"showImageEffects":true,"showParticleSystems":true,"showVisualEffectGraphs":true,"m_FxEnabled":true},"in2DMode":false,"pivot":{"x":-8.274234771728516,"y":5.586554527282715,"z":44.979103088378909},"rotation":{"x":0.06833156943321228,"y":-0.019453193992376329,"z":0.0013326185289770365,"w":0.9974727630615234},"size":1.9976879358291627,"orthographic":true}