{"cameraMode":{"drawMode":0,"name":"Shaded","section":"Shading Mode"},"sceneLighting":true,"audioPlay":false,"sceneViewState":{"m_AlwaysRefresh":false,"showFog":true,"showSkybox":true,"showFlares":true,"showImageEffects":true,"showParticleSystems":true,"showVisualEffectGraphs":true,"m_FxEnabled":true},"in2DMode":false,"pivot":{"x":-0.5830984115600586,"y":1.650832176208496,"z":-1.0917792320251465},"rotation":{"x":0.02480095811188221,"y":0.9749276041984558,"z":-0.14316408336162568,"w":0.16865213215351106},"size":3.539424419403076,"orthographic":true}